{
"lengthUnit": "mil",
"components": {
	"fields": ["COMPONENT_NO", "COMPONENT_NAME", "LAYER", "X_COORDINATE", "Y_COORDINATE", "ANGLE"],
	"rows": [
		[1, "ANT2", "T", -239.76, 15.75, 180],
		[2, "C28", "B", 13.39, -3.54, 0],
		[3, "C61", "B", -97.64, 26.77, 180],
		[4, "C62", "T", -77.56, 12.99, 0],
		[5, "C64", "B", -212.6, -318.9, 180],
		[6, "C65", "B", 13.39, 30.71, 180],
		[7, "L2", "B", -165.75, 12.99, 90],
		[8, "LED11", "T", -251.18, -52.76, 0],
		[9, "LED12", "B", -188.19, -237.01, 270],
		[10, "R56", "T", -249.21, -172.44, 0],
		[11, "R61", "T", 102.76, -255.9, 180],
		[12, "R62", "T", -249.21, -136.22, 180],
		[13, "R63", "T", -248.82, -211.02, 180],
		[14, "R64", "T", -250.79, -92.52, 180],
		[15, "R66", "B", -157.09, -73.62, 270],
		[16, "R67", "B", -228.74, -234.65, 90],
		[17, "RrA", "T", -82.68, -337.79, 180],
		[18, "RrB", "T", -211.42, -337.79, 180],
		[19, "U1", "T", -87.4, -131.5, 0],
		[20, "U16", "T", 57.87, -353.54, 0],
		[21, "U19", "T", 86.22, -117.72, 0],
		[22, "U20", "T", 86.42, -67.72, 180],
		[23, "U21", "T", 88.98, 13.39, 0],
		[24, "U22", "T", 88.98, -198.42, 180],
		[25, "U23", "B", -233.86, -114.57, 270],
		[26, "X1", "B", -82.28, -44.88, 0],
		[27, "PAD1", "B", -119.6, -579.21, 0],
		[28, "PAD2", "B", 0.4, -579.21, 0],
		[29, "PAD3", "B", 120.4, -579.21, 0],
		[30, "PAD4", "T", -119.68, -581.1, 0],
		[31, "PAD5", "T", -30.95, -581.1, 0],
		[32, "PAD6", "T", 57.79, -581.1, 0],
		[33, "PAD7", "B", 93.7, -388.19, 0],
		[34, "PAD8", "B", 17.91, -388.19, 0],
		[35, "PAD9", "B", -57.87, -388.19, 0],
		[36, "PAD10", "B", -227.56, -375.59, 0],
		[37, "PAD11", "B", -151.77, -375.59, 0],
		[38, "PAD12", "B", 204.72, -579.13, 0],
		[39, "PAD13", "T", 146.53, -581.02, 0],
		[40, "PAD14", "B", 92.91, -272.83, 0]
	]
},
"pins": {
	"fields": ["PIN_NO", "PIN_NAME", "PIN_X", "PIN_Y", "LAYER", "PIN_TYPE", "NET_NAME", "NET_TYPE", "PAD_SHAPE", "PAD_SIZEX", "PAD_SIZEY", "HOLE_SIZE", "PAD_ANGLE"],
	"rows": [
		[1, "ANT2_1", -186.61, 15.75, "T", "SMD", "$1N991", "", "R", 66.93, 39.37, 0, 270],
		[2, "ANT2_2", -292.91, 15.75, "T", "SMD", "GND", "GND", "R", 66.93, 39.37, 0, 270],
		[3, "C28_1", -6.61, -3.54, "B", "SMD", "3V3", "", "R", 15, 21.26, 0, 0],
		[4, "C28_2", 33.39, -3.54, "B", "SMD", "GND", "GND", "R", 15, 21.26, 0, 0],
		[5, "C61_1", -77.64, 26.77, "B", "SMD", "GND", "GND", "R", 15, 21.26, 0, 180],
		[6, "C61_2", -117.64, 26.77, "B", "SMD", "$1N988", "", "R", 15, 21.26, 0, 180],
		[7, "C62_1", -97.56, 12.99, "T", "SMD", "$1N995", "", "R", 15, 21.26, 0, 0],
		[8, "C62_2", -57.56, 12.99, "T", "SMD", "GND", "GND", "R", 15, 21.26, 0, 0],
		[9, "C64_1", -192.6, -318.9, "B", "SMD", "GND", "GND", "R", 15, 21.26, 0, 180],
		[10, "C64_2", -232.6, -318.9, "B", "SMD", "BAT", "", "R", 15, 21.26, 0, 180],
		[11, "C65_1", 33.39, 30.71, "B", "SMD", "GND", "GND", "R", 15, 21.26, 0, 180],
		[12, "C65_2", -6.61, 30.71, "B", "SMD", "3V3", "", "R", 15, 21.26, 0, 180],
		[13, "L2_1", -165.75, -7.01, "B", "SMD", "$1N989", "", "R", 15, 21.26, 0, 90],
		[14, "L2_2", -165.75, 32.99, "B", "SMD", "$1N988", "", "R", 15, 21.26, 0, 90],
		[15, "LED11_1", -273.18, -52.76, "T", "SMD", "$3N2118", "", "R", 25, 21.26, 0, 0],
		[16, "LED11_2", -229.18, -52.76, "T", "SMD", "3V3", "", "R", 25, 21.26, 0, 0],
		[17, "LED12_1", -188.19, -215.01, "B", "SMD", "$2N3051", "", "R", 25, 21.26, 0, 270],
		[18, "LED12_2", -188.19, -259.01, "B", "SMD", "$2N3155", "", "R", 25, 21.26, 0, 270],
		[19, "R56_1", -269.21, -172.44, "T", "SMD", "3V3", "", "R", 15, 21.26, 0, 0],
		[20, "R56_2", -229.21, -172.44, "T", "SMD", "CHIP_EN", "", "R", 15, 21.26, 0, 0],
		[21, "R61_1", 122.76, -255.9, "T", "SMD", "3V3", "", "R", 15, 21.26, 0, 180],
		[22, "R61_2", 82.76, -255.9, "T", "SMD", "GPIO9/BOOT", "", "R", 15, 21.26, 0, 180],
		[23, "R62_1", -229.21, -136.22, "T", "SMD", "GPIO2", "", "R", 15, 21.26, 0, 180],
		[24, "R62_2", -269.21, -136.22, "T", "SMD", "3V3", "", "R", 15, 21.26, 0, 180],
		[25, "R63_1", -228.82, -211.02, "T", "SMD", "GPIO3", "", "R", 15, 21.26, 0, 180],
		[26, "R63_2", -268.82, -211.02, "T", "SMD", "3V3", "", "R", 15, 21.26, 0, 180],
		[27, "R64_1", -230.79, -92.52, "T", "SMD", "GPIO1", "", "R", 22, 15, 0, 270],
		[28, "R64_2", -270.79, -92.52, "T", "SMD", "$3N2118", "", "R", 22, 15, 0, 270],
		[29, "R66_1", -157.09, -53.62, "B", "SMD", "GND", "GND", "R", 22, 15, 0, 180],
		[30, "R66_2", -157.09, -93.62, "B", "SMD", "$2N2933", "", "R", 22, 15, 0, 180],
		[31, "R67_1", -228.74, -254.65, "B", "SMD", "$2N3155", "", "R", 22, 15, 0, 0],
		[32, "R67_2", -228.74, -214.65, "B", "SMD", "VIN_5V", "", "R", 22, 15, 0, 0],
		[33, "RrA_1", -44.29, -286.11, "T", "SMD", "G01", "", "O", 14.33, 39.37, 0, 180],
		[34, "RrA_2", -69.89, -286.11, "T", "SMD", "3V3", "", "O", 14.33, 39.37, 0, 180],
		[35, "RrA_3", -95.48, -286.11, "T", "SMD", "GND", "GND", "O", 14.33, 39.37, 0, 180],
		[36, "RrA_4", -121.07, -286.11, "T", "SMD", "GPIO6", "", "O", 14.33, 39.37, 0, 180],
		[37, "RrA_5", -121.07, -389.47, "T", "SMD", "GPIO7", "", "O", 14.33, 39.37, 0, 180],
		[38, "RrA_6", -95.48, -389.47, "T", "SMD", "GPIO2", "", "O", 14.33, 39.37, 0, 180],
		[39, "RrA_7", -69.89, -389.47, "T", "SMD", "RrA_7", "", "O", 14.33, 39.37, 0, 180],
		[40, "RrA_8", -44.29, -389.47, "T", "SMD", "GND", "GND", "O", 14.33, 39.37, 0, 180],
		[41, "RrB_1", -173.03, -286.11, "T", "SMD", "G02", "", "O", 14.33, 39.37, 0, 180],
		[42, "RrB_2", -198.63, -286.11, "T", "SMD", "3V3", "", "O", 14.33, 39.37, 0, 180],
		[43, "RrB_3", -224.22, -286.11, "T", "SMD", "GND", "GND", "O", 14.33, 39.37, 0, 180],
		[44, "RrB_4", -249.81, -286.11, "T", "SMD", "GPIO6", "", "O", 14.33, 39.37, 0, 180],
		[45, "RrB_5", -249.81, -389.47, "T", "SMD", "GPIO7", "", "O", 14.33, 39.37, 0, 180],
		[46, "RrB_6", -224.22, -389.47, "T", "SMD", "GPIO3", "", "O", 14.33, 39.37, 0, 180],
		[47, "RrB_7", -198.63, -389.47, "T", "SMD", "RrB_7", "", "O", 14.33, 39.37, 0, 180],
		[48, "RrB_8", -173.03, -389.47, "T", "SMD", "GND", "GND", "O", 14.33, 39.37, 0, 180],
		[49, "U1_1", -184.94, -62.6, "T", "SMD", "$1N991", "", "R", 25.59, 11.02, 0, 0],
		[50, "U1_2", -184.94, -82.29, "T", "SMD", "3V3", "", "R", 25.59, 11.02, 0, 0],
		[51, "U1_3", -184.94, -101.97, "T", "SMD", "3V3", "", "R", 25.59, 11.02, 0, 0],
		[52, "U1_4", -184.94, -121.66, "T", "SMD", "GPIO0", "", "R", 25.59, 11.02, 0, 0],
		[53, "U1_5", -184.94, -141.34, "T", "SMD", "GPIO1", "", "R", 25.59, 11.02, 0, 0],
		[54, "U1_6", -184.94, -161.03, "T", "SMD", "GPIO2", "", "R", 25.59, 11.02, 0, 0],
		[55, "U1_7", -184.94, -180.71, "T", "SMD", "CHIP_EN", "", "R", 25.59, 11.02, 0, 0],
		[56, "U1_8", -184.94, -200.4, "T", "SMD", "GPIO3", "", "R", 25.59, 11.02, 0, 0],
		[57, "U1_9", -156.3, -229.04, "T", "SMD", "G02", "", "R", 11.02, 25.59, 0, 0],
		[58, "U1_10", -136.61, -229.04, "T", "SMD", "GPIO5", "", "R", 11.02, 25.59, 0, 0],
		[59, "U1_11", -116.93, -229.04, "T", "SMD", "3V3", "", "R", 11.02, 25.59, 0, 0],
		[60, "U1_12", -97.24, -229.04, "T", "SMD", "GPIO6", "", "R", 11.02, 25.59, 0, 0],
		[61, "U1_13", -77.56, -229.04, "T", "SMD", "GPIO7", "", "R", 11.02, 25.59, 0, 0],
		[62, "U1_14", -57.87, -229.04, "T", "SMD", "GPIO8", "", "R", 11.02, 25.59, 0, 0],
		[63, "U1_15", -38.19, -229.04, "T", "SMD", "GPIO9/BOOT", "", "R", 11.02, 25.59, 0, 0],
		[64, "U1_16", -18.5, -229.04, "T", "SMD", "G01", "", "R", 11.02, 25.59, 0, 0],
		[65, "U1_17", 10.14, -200.4, "T", "SMD", "3V3", "", "R", 25.59, 11.02, 0, 0],
		[66, "U1_18", 10.14, -180.71, "T", "SMD", "VDD_SPI", "", "R", 25.59, 11.02, 0, 0],
		[67, "U1_19", 10.14, -161.03, "T", "SMD", "U1_19", "", "R", 25.59, 11.02, 0, 0],
		[68, "U1_20", 10.14, -141.34, "T", "SMD", "U1_20", "", "R", 25.59, 11.02, 0, 0],
		[69, "U1_21", 10.14, -121.66, "T", "SMD", "U1_21", "", "R", 25.59, 11.02, 0, 0],
		[70, "U1_22", 10.14, -101.97, "T", "SMD", "U1_22", "", "R", 25.59, 11.02, 0, 0],
		[71, "U1_23", 10.14, -82.29, "T", "SMD", "U1_23", "", "R", 25.59, 11.02, 0, 0],
		[72, "U1_24", 10.14, -62.6, "T", "SMD", "U1_24", "", "R", 25.59, 11.02, 0, 0],
		[73, "U1_25", -18.5, -33.96, "T", "SMD", "GPIO18/USB_DN", "", "R", 11.02, 25.59, 0, 0],
		[74, "U1_26", -38.19, -33.96, "T", "SMD", "GPIO19/USB_DP", "", "R", 11.02, 25.59, 0, 0],
		[75, "U1_27", -57.87, -33.96, "T", "SMD", "GPIO20/U0RXD", "", "R", 11.02, 25.59, 0, 0],
		[76, "U1_28", -77.56, -33.96, "T", "SMD", "GPIO21/U0TXD", "", "R", 11.02, 25.59, 0, 0],
		[77, "U1_29", -97.24, -33.96, "T", "SMD", "$1N995", "", "R", 11.02, 25.59, 0, 0],
		[78, "U1_30", -116.93, -33.96, "T", "SMD", "$1N989", "", "R", 11.02, 25.59, 0, 0],
		[79, "U1_31", -136.61, -33.96, "T", "SMD", "3V3", "", "R", 11.02, 25.59, 0, 0],
		[80, "U1_32", -156.3, -33.96, "T", "SMD", "3V3", "", "R", 11.02, 25.59, 0, 0],
		[81, "U1_33", -87.4, -131.5, "T", "SMD", "GND", "GND", "R", 149.61, 149.61, 0, 0],
		[82, "U16_1", 101.23, -390.94, "T", "SMD", "GND", "GND", "R", 40.85, 20.95, 0, 0],
		[83, "U16_2", 101.23, -316.14, "T", "SMD", "3V3", "", "R", 40.85, 20.95, 0, 0],
		[84, "U16_3", 14.51, -353.54, "T", "SMD", "BAT", "", "R", 40.85, 20.95, 0, 0],
		[85, "U19_1", 61.22, -117.72, "T", "DIP", "GND", "GND", "R", 39.37, 39.37, 29.53, 0],
		[86, "U19_1", 61.22, -117.72, "B", "DIP", "GND", "GND", "R", 39.37, 39.37, 29.53, 0],
		[87, "U19_2", 111.22, -117.72, "T", "DIP", "VIN_5V", "", "C", 39.37, 39.37, 29.53, 0],
		[88, "U19_2", 111.22, -117.72, "B", "DIP", "VIN_5V", "", "C", 39.37, 39.37, 29.53, 0],
		[89, "U20_1", 111.42, -67.72, "T", "DIP", "GPIO19/USB_DP", "", "C", 39.37, 39.37, 29.53, 180],
		[90, "U20_1", 111.42, -67.72, "B", "DIP", "GPIO19/USB_DP", "", "C", 39.37, 39.37, 29.53, 180],
		[91, "U20_2", 61.42, -67.72, "T", "DIP", "GPIO18/USB_DN", "", "C", 39.37, 39.37, 29.53, 180],
		[92, "U20_2", 61.42, -67.72, "B", "DIP", "GPIO18/USB_DN", "", "C", 39.37, 39.37, 29.53, 180],
		[93, "U21_1", 69.29, 13.39, "T", "DIP", "GND", "GND", "R", 31.5, 31.5, 19.69, 270],
		[94, "U21_1", 69.29, 13.39, "B", "DIP", "GND", "GND", "R", 31.5, 31.5, 19.69, 270],
		[95, "U21_2", 108.66, 13.39, "T", "DIP", "CHIP_EN", "", "C", 31.5, 31.5, 19.69, 270],
		[96, "U21_2", 108.66, 13.39, "B", "DIP", "CHIP_EN", "", "C", 31.5, 31.5, 19.69, 270],
		[97, "U22_1", 108.66, -198.42, "T", "DIP", "GND", "GND", "R", 31.5, 31.5, 19.69, 90],
		[98, "U22_1", 108.66, -198.42, "B", "DIP", "GND", "GND", "R", 31.5, 31.5, 19.69, 90],
		[99, "U22_2", 69.29, -198.42, "T", "DIP", "GPIO9/BOOT", "", "C", 31.5, 31.5, 19.69, 90],
		[100, "U22_2", 69.29, -198.42, "B", "DIP", "GPIO9/BOOT", "", "C", 31.5, 31.5, 19.69, 90],
		[101, "U23_1", -196.46, -157.87, "B", "SMD", "$2N3051", "", "R", 23.62, 39.37, 0, 180],
		[102, "U23_2", -233.85, -157.87, "B", "SMD", "GND", "GND", "R", 23.62, 39.37, 0, 180],
		[103, "U23_3", -271.25, -157.87, "B", "SMD", "BAT", "", "R", 23.62, 39.37, 0, 180],
		[104, "U23_4", -271.26, -71.25, "B", "SMD", "VIN_5V", "", "R", 23.62, 39.37, 0, 180],
		[105, "U23_5", -196.45, -71.25, "B", "SMD", "$2N2933", "", "R", 23.62, 39.37, 0, 180],
		[106, "X1_1", -108.86, -24.21, "B", "SMD", "$1N988", "", "R", 33.47, 29.53, 0, 0],
		[107, "X1_2", -55.71, -24.21, "B", "SMD", "GND", "GND", "R", 33.47, 29.53, 0, 0],
		[108, "X1_3", -55.71, -65.55, "B", "SMD", "$1N995", "", "R", 33.47, 29.53, 0, 0],
		[109, "X1_4", -108.86, -65.55, "B", "SMD", "GND", "GND", "R", 33.47, 29.53, 0, 0],
		[110, "PAD1_1", -119.6, -579.21, "B", "SMD", "G03-1", "", "O", 60, 94.49, 0, 180],
		[111, "PAD2_1", 0.4, -579.21, "B", "SMD", "G02-1", "", "O", 60, 94.49, 0, 180],
		[112, "PAD3_1", 120.4, -579.21, "B", "SMD", "G01-1", "", "O", 60, 94.49, 0, 180],
		[113, "PAD4_1", -119.68, -581.1, "T", "SMD", "G03-1", "", "C", 60, 60, 0, 180],
		[114, "PAD5_1", -30.95, -581.1, "T", "SMD", "G02-1", "", "C", 60, 60, 0, 180],
		[115, "PAD6_1", 57.79, -581.1, "T", "SMD", "G01-1", "", "C", 60, 60, 0, 180],
		[116, "PAD7_1", 93.7, -388.19, "B", "SMD", "G01", "", "C", 55.12, 55.12, 0, 180],
		[117, "PAD8_1", 17.91, -388.19, "B", "SMD", "G02", "", "C", 55.12, 55.12, 0, 180],
		[118, "PAD9_1", -57.87, -388.19, "B", "SMD", "G03", "", "C", 55.12, 55.12, 0, 180],
		[119, "PAD10_1", -227.56, -375.59, "B", "SMD", "BAT", "", "C", 55.12, 55.12, 0, 180],
		[120, "PAD11_1", -151.77, -375.59, "B", "SMD", "GND", "GND", "C", 55.12, 55.12, 0, 180],
		[121, "PAD12_1", 204.72, -579.13, "B", "SMD", "5V_1", "", "O", 60, 94.49, 0, 180],
		[122, "PAD13_1", 146.53, -581.02, "T", "SMD", "5V_1", "", "C", 60, 60, 0, 180],
		[123, "PAD14_1", 92.91, -272.83, "B", "SMD", "VIN_5V", "", "C", 55.12, 55.12, 0, 180]
	]
}
}