{
"lengthUnit": "mil",
"components": {
	"fields": ["COMPONENT_NO", "COMPONENT_NAME", "LAYER", "X_COORDINATE", "Y_COORDINATE", "ANGLE"],
	"rows": [
		[1, "ANT2", "T", 287.01, 272.44, 90],
		[2, "C28", "T", -145.28, 218.9, 270],
		[3, "C49", "T", 133.86, -106.69, 270],
		[4, "C56", "T", -117.72, 98.42, 0],
		[5, "C57", "T", -64.17, -110.24, 180],
		[6, "C58", "T", 271.65, -169.68, 90],
		[7, "C59", "T", -64.57, -70.87, 180],
		[8, "C61", "T", 310.63, 103.94, 180],
		[9, "C62", "T", 274.41, -90.16, 180],
		[10, "C63", "T", -111.02, 219.29, 270],
		[11, "C64", "T", -63.39, -148.42, 0],
		[12, "C65", "T", 259.45, -292.91, 180],
		[13, "C66", "T", 6.69, 296.06, 90],
		[14, "D5", "T", 46.46, -322.44, 90],
		[15, "IC7", "T", 114.96, -201.57, 0],
		[16, "K1", "T", -275, 255.98, 180],
		[17, "K2", "T", -275.2, 63.78, 180],
		[18, "L1", "T", 207.09, 199.21, 125],
		[19, "L2", "T", 240.55, 102.36, 0],
		[20, "LED10", "T", 285, -390, 0],
		[21, "LED11", "T", 315.75, -227.95, 270],
		[22, "Q4", "T", 21.26, -114.57, 90],
		[23, "R26", "T", 96.46, -107.48, 270],
		[24, "R28", "T", 281.5, -346.85, 180],
		[25, "R56", "T", -187.79, 218.5, 270],
		[26, "R61", "T", -184.25, 27.56, 270],
		[27, "R62", "T", -146.06, 297.07, 270],
		[28, "R63", "T", -106.69, 297.24, 270],
		[29, "R64", "T", 314.17, -151.18, 270],
		[30, "R65", "T", -118.11, 147.64, 0],
		[31, "RrA", "T", -70.47, -311.02, 0],
		[32, "RrB", "T", -238.19, -311.02, 0],
		[33, "U1", "T", 73.35, 69.55, 270],
		[34, "U16", "T", 154.33, -330.31, 0],
		[35, "U17", "T", 106.3, 279.13, 180],
		[36, "X1", "T", 274.02, 2.76, 270],
		[37, "PAD1", "B", -119.6, -579.21, 0],
		[38, "PAD2", "B", 0.4, -579.21, 0],
		[39, "PAD3", "B", 120.4, -579.21, 0],
		[40, "PAD4", "B", 60.39, -536.18, 0],
		[41, "PAD5", "B", 60.39, -625.66, 0],
		[42, "PAD6", "B", -59.61, -625.67, 0],
		[43, "PAD7", "B", -248.03, 123.23, 0],
		[44, "PAD8", "B", -248.03, 16.14, 0],
		[45, "PAD9", "B", -248.03, 315.75, 0],
		[46, "PAD10", "B", -248.03, 217.32, 0],
		[47, "PAD11", "B", -59.61, -536.18, 0],
		[48, "PAD12", "T", -68.9, -582.28, 0],
		[49, "PAD13", "T", -49.22, -582.28, 0],
		[50, "PAD14", "T", -29.53, -582.28, 0],
		[51, "PAD15", "T", -9.85, -582.28, 0],
		[52, "PAD16", "T", 9.84, -582.28, 0],
		[53, "PAD17", "T", 29.52, -582.28, 0],
		[54, "PAD18", "T", 49.21, -582.28, 0],
		[55, "PAD19", "T", 68.9, -582.28, 0],
		[56, "PAD20", "B", 57.48, -365.35, 0],
		[57, "PAD21", "B", 37.8, -365.35, 0],
		[58, "PAD22", "B", 18.11, -365.35, 0],
		[59, "PAD23", "B", -1.57, -365.35, 0],
		[60, "PAD24", "B", -21.26, -365.35, 0],
		[61, "PAD25", "B", -40.94, -365.35, 0],
		[62, "PAD26", "B", -60.63, -365.35, 0],
		[63, "PAD27", "B", -80.32, -365.35, 0]
	]
},
"pins": {
	"fields": ["PIN_NO", "PIN_NAME", "PIN_X", "PIN_Y", "LAYER", "PIN_TYPE", "NET_NAME", "NET_TYPE", "PAD_SHAPE", "PAD_SIZEX", "PAD_SIZEY", "HOLE_SIZE", "PAD_ANGLE"],
	"rows": [
		[1, "ANT2_1", 287.01, 219.29, "T", "SMD", "$1N991", "", "R", 66.93, 39.37, 0, 180],
		[2, "ANT2_2", 287.01, 325.59, "T", "SMD", "GND", "GND", "R", 66.93, 39.37, 0, 180],
		[3, "C28_1", -145.28, 238.9, "T", "SMD", "3V3", "", "R", 15, 21.26, 0, 270],
		[4, "C28_2", -145.28, 198.9, "T", "SMD", "GND", "GND", "R", 15, 21.26, 0, 270],
		[5, "C49_1", 133.86, -86.65, "T", "SMD", "GND", "GND", "R", 22, 15, 0, 0],
		[6, "C49_2", 133.86, -126.65, "T", "SMD", "BAT", "", "R", 22, 15, 0, 0],
		[7, "C56_1", -137.72, 98.42, "T", "SMD", "GND", "GND", "R", 15, 21.26, 0, 0],
		[8, "C56_2", -97.72, 98.42, "T", "SMD", "3V3", "", "R", 15, 21.26, 0, 0],
		[9, "C57_1", -44.17, -110.24, "T", "SMD", "GND", "GND", "R", 15, 21.26, 0, 180],
		[10, "C57_2", -84.17, -110.24, "T", "SMD", "3V3", "", "R", 15, 21.26, 0, 180],
		[11, "C58_1", 271.65, -189.68, "T", "SMD", "3V3", "", "R", 15, 21.26, 0, 90],
		[12, "C58_2", 271.65, -149.68, "T", "SMD", "GND", "GND", "R", 15, 21.26, 0, 90],
		[13, "C59_1", -44.57, -70.87, "T", "SMD", "GND", "GND", "R", 15, 21.26, 0, 180],
		[14, "C59_2", -84.57, -70.87, "T", "SMD", "3V3", "", "R", 15, 21.26, 0, 180],
		[15, "C61_1", 330.63, 103.94, "T", "SMD", "GND", "GND", "R", 15, 21.26, 0, 180],
		[16, "C61_2", 290.63, 103.94, "T", "SMD", "$1N988", "", "R", 15, 21.26, 0, 180],
		[17, "C62_1", 294.41, -90.16, "T", "SMD", "$1N995", "", "R", 15, 21.26, 0, 180],
		[18, "C62_2", 254.41, -90.16, "T", "SMD", "GND", "GND", "R", 15, 21.26, 0, 180],
		[19, "C63_1", -111.02, 239.29, "T", "SMD", "3V3", "", "R", 15, 21.26, 0, 270],
		[20, "C63_2", -111.02, 199.29, "T", "SMD", "GND", "GND", "R", 15, 21.26, 0, 270],
		[21, "C64_1", -83.39, -148.42, "T", "SMD", "GND", "GND", "R", 15, 21.26, 0, 0],
		[22, "C64_2", -43.39, -148.42, "T", "SMD", "$2N303", "", "R", 15, 21.26, 0, 0],
		[23, "C65_1", 279.45, -292.91, "T", "SMD", "GND", "GND", "R", 15, 21.26, 0, 180],
		[24, "C65_2", 239.45, -292.91, "T", "SMD", "3V3", "", "R", 15, 21.26, 0, 180],
		[25, "C66_1", 6.69, 276.06, "T", "SMD", "GND", "GND", "R", 15, 21.26, 0, 90],
		[26, "C66_2", 6.69, 316.06, "T", "SMD", "3V3", "", "R", 15, 21.26, 0, 90],
		[27, "D5_1", 46.46, -368.61, "T", "SMD", "$2N303", "", "R", 39.37, 29.53, 0, 90],
		[28, "D5_2", 46.46, -276.28, "T", "SMD", "VIN_5V", "", "R", 39.37, 29.53, 0, 90],
		[29, "IC7_1", 75.59, -172.04, "T", "SMD", "IC7_1", "", "R", 22, 11.81, 0, 0],
		[30, "IC7_2", 75.59, -191.73, "T", "SMD", "$2N535", "", "R", 22, 11.81, 0, 0],
		[31, "IC7_3", 75.59, -211.41, "T", "SMD", "GND", "GND", "R", 22, 11.81, 0, 0],
		[32, "IC7_4", 75.59, -231.1, "T", "SMD", "VIN_5V", "", "R", 22, 11.81, 0, 0],
		[33, "IC7_5", 154.33, -231.1, "T", "SMD", "BAT", "", "R", 22, 11.81, 0, 0],
		[34, "IC7_6", 154.33, -211.41, "T", "SMD", "IC7_6", "", "R", 22, 11.81, 0, 0],
		[35, "IC7_7", 154.33, -191.73, "T", "SMD", "$2N532", "", "R", 22, 11.81, 0, 0],
		[36, "IC7_8", 154.33, -172.04, "T", "SMD", "VIN_5V", "", "R", 22, 11.81, 0, 0],
		[37, "IC7_9", 114.96, -201.57, "T", "SMD", "IC7_9", "", "R", 20, 62.99, 0, 180],
		[38, "K1_1", -247.58, 311.11, "T", "SMD", "GND", "GND", "R", 43.31, 27.56, 0, 180],
		[39, "K1_2", -247.59, 200.87, "T", "SMD", "CHIP_EN", "", "R", 43.31, 27.56, 0, 180],
		[40, "K1_3", -241.69, 255.99, "T", "SMD", "GND", "GND", "R", 55.12, 43.31, 0, 270],
		[41, "K1_3", -308.31, 321.93, "T", "SMD", "GND", "GND", "P", 60.43, 45.27, 0, 180],
		[42, "K1_3", -308.31, 190.04, "T", "SMD", "GND", "GND", "P", 60.43, 45.28, 0, 180],
		[43, "K1_3", -300.74, 328.82, "T", "DIP", "GND", "GND", "C", 25.59, 25.59, 21.65, 0],
		[44, "K1_3", -300.74, 328.82, "B", "DIP", "GND", "GND", "C", 25.59, 25.59, 21.65, 0],
		[45, "K1_3", -300.75, 183.15, "T", "DIP", "GND", "GND", "C", 25.59, 25.59, 21.65, 0],
		[46, "K1_3", -300.75, 183.15, "B", "DIP", "GND", "GND", "C", 25.59, 25.59, 21.65, 0],
		[47, "K2_1", -247.78, 118.9, "T", "SMD", "GND", "GND", "R", 43.31, 27.56, 0, 180],
		[48, "K2_2", -247.78, 8.66, "T", "SMD", "GPIO9/BOOT", "", "R", 43.31, 27.56, 0, 180],
		[49, "K2_3", -241.88, 63.78, "T", "SMD", "GND", "GND", "R", 55.12, 43.31, 0, 270],
		[50, "K2_3", -308.51, 129.72, "T", "SMD", "GND", "GND", "P", 60.43, 45.27, 0, 180],
		[51, "K2_3", -308.51, -2.17, "T", "SMD", "GND", "GND", "P", 60.43, 45.28, 0, 180],
		[52, "K2_3", -300.93, 136.61, "T", "DIP", "GND", "GND", "C", 25.59, 25.59, 21.65, 0],
		[53, "K2_3", -300.93, 136.61, "B", "DIP", "GND", "GND", "C", 25.59, 25.59, 21.65, 0],
		[54, "K2_3", -300.94, -9.06, "T", "DIP", "GND", "GND", "C", 25.59, 25.59, 21.65, 0],
		[55, "K2_3", -300.94, -9.06, "B", "DIP", "GND", "GND", "C", 25.59, 25.59, 21.65, 0],
		[56, "L1_1", 213.28, 190.37, "T", "SMD", "$1N991", "", "R", 14.51, 12.76, 0, 125],
		[57, "L1_2", 200.89, 208.06, "T", "SMD", "GND", "GND", "R", 14.51, 12.76, 0, 125],
		[58, "L2_1", 220.55, 102.36, "T", "SMD", "$1N989", "", "R", 15, 21.26, 0, 0],
		[59, "L2_2", 260.55, 102.36, "T", "SMD", "$1N988", "", "R", 15, 21.26, 0, 0],
		[60, "LED10_1", 263, -390, "T", "SMD", "$2N537", "", "R", 25, 21.26, 0, 0],
		[61, "LED10_2", 307, -390, "T", "SMD", "VIN_5V", "", "R", 25, 21.26, 0, 0],
		[62, "LED11_1", 315.75, -205.95, "T", "SMD", "$3N2118", "", "R", 25, 21.26, 0, 270],
		[63, "LED11_2", 315.75, -249.95, "T", "SMD", "3V3", "", "R", 25, 21.26, 0, 270],
		[64, "Q4_1", 40.94, -89.27, "T", "SMD", "VIN_5V", "", "R", 23.03, 11.85, 0, 90],
		[65, "Q4_2", 1.57, -89.27, "T", "SMD", "$2N303", "", "R", 23.03, 11.85, 0, 90],
		[66, "Q4_3", 21.25, -139.87, "T", "SMD", "BAT", "", "R", 23.03, 11.85, 0, 90],
		[67, "R26_1", 96.46, -87.48, "T", "SMD", "GND", "GND", "R", 22, 15, 0, 0],
		[68, "R26_2", 96.46, -127.48, "T", "SMD", "$2N535", "", "R", 22, 15, 0, 0],
		[69, "R28_1", 301.5, -346.85, "T", "SMD", "$2N532", "", "R", 22, 15, 0, 270],
		[70, "R28_2", 261.5, -346.85, "T", "SMD", "$2N537", "", "R", 22, 15, 0, 270],
		[71, "R56_1", -187.79, 235.54, "T", "SMD", "3V3", "", "R", 22.27, 21.26, 0, 270],
		[72, "R56_2", -187.79, 201.46, "T", "SMD", "CHIP_EN", "", "R", 22.27, 21.26, 0, 270],
		[73, "R61_1", -184.25, 44.6, "T", "SMD", "3V3", "", "R", 22.27, 21.26, 0, 270],
		[74, "R61_2", -184.25, 10.52, "T", "SMD", "GPIO9/BOOT", "", "R", 22.27, 21.26, 0, 270],
		[75, "R62_1", -146.06, 314.11, "T", "SMD", "GPIO2", "", "R", 22.27, 21.26, 0, 270],
		[76, "R62_2", -146.06, 280.03, "T", "SMD", "3V3", "", "R", 22.27, 21.26, 0, 270],
		[77, "R63_1", -106.69, 314.28, "T", "SMD", "GPIO3", "", "R", 22.27, 21.26, 0, 270],
		[78, "R63_2", -106.69, 280.2, "T", "SMD", "3V3", "", "R", 22.27, 21.26, 0, 270],
		[79, "R64_1", 314.17, -131.18, "T", "SMD", "GPIO1", "", "R", 22, 15, 0, 0],
		[80, "R64_2", 314.17, -171.18, "T", "SMD", "$3N2118", "", "R", 22, 15, 0, 0],
		[81, "R65_1", -135.15, 147.64, "T", "SMD", "G02", "", "R", 22.27, 21.26, 0, 0],
		[82, "R65_2", -101.07, 147.64, "T", "SMD", "GPIO4", "", "R", 22.27, 21.26, 0, 0],
		[83, "RrA_1", -108.86, -358.7, "T", "SMD", "G01", "", "O", 14.33, 48.11, 0, 0],
		[84, "RrA_2", -83.26, -358.7, "T", "SMD", "3V3", "", "O", 14.33, 48.11, 0, 0],
		[85, "RrA_3", -57.67, -358.7, "T", "SMD", "GND", "GND", "O", 14.33, 48.11, 0, 0],
		[86, "RrA_4", -32.08, -358.7, "T", "SMD", "GPIO6", "", "O", 14.33, 48.11, 0, 0],
		[87, "RrA_5", -32.08, -263.34, "T", "SMD", "GPIO7", "", "O", 14.33, 48.11, 0, 0],
		[88, "RrA_6", -57.67, -263.34, "T", "SMD", "GPIO2", "", "O", 14.33, 48.11, 0, 0],
		[89, "RrA_7", -83.26, -263.34, "T", "SMD", "RrA_7", "", "O", 14.33, 48.11, 0, 0],
		[90, "RrA_8", -108.86, -263.34, "T", "SMD", "GND", "GND", "O", 14.33, 48.11, 0, 0],
		[91, "RrB_1", -276.58, -358.7, "T", "SMD", "G02", "", "O", 14.33, 48.11, 0, 0],
		[92, "RrB_2", -250.98, -358.7, "T", "SMD", "3V3", "", "O", 14.33, 48.11, 0, 0],
		[93, "RrB_3", -225.39, -358.7, "T", "SMD", "GND", "GND", "O", 14.33, 48.11, 0, 0],
		[94, "RrB_4", -199.8, -358.7, "T", "SMD", "GPIO6", "", "O", 14.33, 48.11, 0, 0],
		[95, "RrB_5", -199.8, -263.34, "T", "SMD", "GPIO7", "", "O", 14.33, 48.11, 0, 0],
		[96, "RrB_6", -225.39, -263.34, "T", "SMD", "GPIO3", "", "O", 14.33, 48.11, 0, 0],
		[97, "RrB_7", -250.98, -263.34, "T", "SMD", "RrB_7", "", "O", 14.33, 48.11, 0, 0],
		[98, "RrB_8", -276.58, -263.34, "T", "SMD", "GND", "GND", "O", 14.33, 48.11, 0, 0],
		[99, "U1_1", 142.25, 167.09, "T", "SMD", "$1N991", "", "R", 25.59, 11.02, 0, 270],
		[100, "U1_2", 122.56, 167.09, "T", "SMD", "3V3", "", "R", 25.59, 11.02, 0, 270],
		[101, "U1_3", 102.88, 167.09, "T", "SMD", "3V3", "", "R", 25.59, 11.02, 0, 270],
		[102, "U1_4", 83.19, 167.09, "T", "SMD", "GPIO0", "", "R", 25.59, 11.02, 0, 270],
		[103, "U1_5", 63.51, 167.09, "T", "SMD", "GPIO1", "", "R", 25.59, 11.02, 0, 270],
		[104, "U1_6", 43.82, 167.09, "T", "SMD", "GPIO2", "", "R", 25.59, 11.02, 0, 270],
		[105, "U1_7", 24.14, 167.09, "T", "SMD", "CHIP_EN", "", "R", 25.59, 11.02, 0, 270],
		[106, "U1_8", 4.45, 167.09, "T", "SMD", "GPIO3", "", "R", 25.59, 11.02, 0, 270],
		[107, "U1_9", -24.19, 138.45, "T", "SMD", "GPIO4", "", "R", 11.02, 25.59, 0, 270],
		[108, "U1_10", -24.19, 118.76, "T", "SMD", "GPIO5", "", "R", 11.02, 25.59, 0, 270],
		[109, "U1_11", -24.19, 99.08, "T", "SMD", "3V3", "", "R", 11.02, 25.59, 0, 270],
		[110, "U1_12", -24.19, 79.39, "T", "SMD", "GPIO6", "", "R", 11.02, 25.59, 0, 270],
		[111, "U1_13", -24.19, 59.71, "T", "SMD", "GPIO7", "", "R", 11.02, 25.59, 0, 270],
		[112, "U1_14", -24.19, 40.02, "T", "SMD", "GPIO8", "", "R", 11.02, 25.59, 0, 270],
		[113, "U1_15", -24.19, 20.34, "T", "SMD", "GPIO9/BOOT", "", "R", 11.02, 25.59, 0, 270],
		[114, "U1_16", -24.19, 0.65, "T", "SMD", "GPIO10", "", "R", 11.02, 25.59, 0, 270],
		[115, "U1_17", 4.45, -27.99, "T", "SMD", "3V3", "", "R", 25.59, 11.02, 0, 270],
		[116, "U1_18", 24.14, -27.99, "T", "SMD", "VDD_SPI", "", "R", 25.59, 11.02, 0, 270],
		[117, "U1_19", 43.82, -27.99, "T", "SMD", "U1_19", "", "R", 25.59, 11.02, 0, 270],
		[118, "U1_20", 63.51, -27.99, "T", "SMD", "U1_20", "", "R", 25.59, 11.02, 0, 270],
		[119, "U1_21", 83.19, -27.99, "T", "SMD", "U1_21", "", "R", 25.59, 11.02, 0, 270],
		[120, "U1_22", 102.88, -27.99, "T", "SMD", "U1_22", "", "R", 25.59, 11.02, 0, 270],
		[121, "U1_23", 122.56, -27.99, "T", "SMD", "U1_23", "", "R", 25.59, 11.02, 0, 270],
		[122, "U1_24", 142.25, -27.99, "T", "SMD", "U1_24", "", "R", 25.59, 11.02, 0, 270],
		[123, "U1_25", 170.89, 0.65, "T", "SMD", "GPIO18/USB_DN", "", "R", 11.02, 25.59, 0, 270],
		[124, "U1_26", 170.89, 20.34, "T", "SMD", "GPIO19/USB_DP", "", "R", 11.02, 25.59, 0, 270],
		[125, "U1_27", 170.89, 40.02, "T", "SMD", "GPIO20/U0RXD", "", "R", 11.02, 25.59, 0, 270],
		[126, "U1_28", 170.89, 59.71, "T", "SMD", "GPIO21/U0TXD", "", "R", 11.02, 25.59, 0, 270],
		[127, "U1_29", 170.89, 79.39, "T", "SMD", "$1N995", "", "R", 11.02, 25.59, 0, 270],
		[128, "U1_30", 170.89, 99.08, "T", "SMD", "$1N989", "", "R", 11.02, 25.59, 0, 270],
		[129, "U1_31", 170.89, 118.76, "T", "SMD", "3V3", "", "R", 11.02, 25.59, 0, 270],
		[130, "U1_32", 170.89, 138.45, "T", "SMD", "3V3", "", "R", 11.02, 25.59, 0, 270],
		[131, "U1_33", 73.35, 69.55, "T", "SMD", "GND", "GND", "R", 149.61, 149.61, 0, 270],
		[132, "U16_1", 197.69, -367.71, "T", "SMD", "GND", "GND", "R", 40.85, 20.95, 0, 0],
		[133, "U16_2", 197.69, -292.91, "T", "SMD", "3V3", "", "R", 40.85, 20.95, 0, 0],
		[134, "U16_3", 110.97, -330.31, "T", "SMD", "$2N303", "", "R", 40.85, 20.95, 0, 0],
		[135, "U17_1", 66.93, 316.53, "T", "SMD", "3V3", "", "R", 49.21, 27.56, 0, 180],
		[136, "U17_2", 66.93, 241.73, "T", "SMD", "GPIO0", "", "R", 49.21, 27.56, 0, 180],
		[137, "U17_3", 145.67, 279.13, "T", "SMD", "GND", "GND", "R", 49.21, 27.56, 0, 180],
		[138, "X1_1", 251.38, 38.19, "T", "SMD", "$1N988", "", "R", 43.31, 31.5, 0, 270],
		[139, "X1_2", 251.39, -32.67, "T", "SMD", "GND", "GND", "R", 43.31, 31.5, 0, 270],
		[140, "X1_3", 296.66, -32.67, "T", "SMD", "$1N995", "", "R", 43.31, 31.5, 0, 270],
		[141, "X1_4", 296.65, 38.19, "T", "SMD", "GND", "GND", "R", 43.31, 31.5, 0, 270],
		[142, "PAD1_1", -119.6, -579.21, "B", "SMD", "G03-1", "", "O", 60, 94.49, 0, 180],
		[143, "PAD2_1", 0.4, -579.21, "B", "SMD", "G02-1", "", "O", 60, 94.49, 0, 180],
		[144, "PAD3_1", 120.4, -579.21, "B", "SMD", "G01-1", "", "O", 60, 94.49, 0, 180],
		[145, "PAD4_1", 60.39, -536.18, "B", "SMD", "VIN_5V_1", "", "C", 31.5, 31.5, 0, 180],
		[146, "PAD5_1", 60.39, -625.66, "B", "SMD", "VIN_5V_1", "", "C", 31.5, 31.5, 0, 180],
		[147, "PAD6_1", -59.61, -625.67, "B", "SMD", "USBD-", "", "C", 31.5, 31.5, 0, 180],
		[148, "PAD7_1", -248.03, 123.23, "B", "SMD", "GND", "GND", "C", 60, 60, 0, 90],
		[149, "PAD8_1", -248.03, 16.14, "B", "SMD", "BAT", "", "C", 60, 60, 0, 270],
		[150, "PAD9_1", -248.03, 315.75, "B", "SMD", "GPIO0", "", "C", 60, 60, 0, 270],
		[151, "PAD10_1", -248.03, 217.32, "B", "SMD", "GND", "GND", "C", 60, 60, 0, 270],
		[152, "PAD11_1", -59.61, -536.18, "B", "SMD", "USBD+", "", "C", 31.5, 31.5, 0, 180],
		[153, "PAD12_1", -68.9, -582.28, "T", "SMD", "G03-1", "", "R", 11.81, 66.93, 0, 180],
		[154, "PAD13_2", -49.22, -582.28, "T", "SMD", "G03-1", "", "R", 11.81, 66.93, 0, 180],
		[155, "PAD14_3", -29.53, -582.28, "T", "SMD", "USBD+", "", "R", 11.81, 66.93, 0, 180],
		[156, "PAD15_4", -9.85, -582.28, "T", "SMD", "USBD-", "", "R", 11.81, 66.93, 0, 180],
		[157, "PAD16_5", 9.84, -582.28, "T", "SMD", "G02-1", "", "R", 11.81, 66.93, 0, 180],
		[158, "PAD17_6", 29.52, -582.28, "T", "SMD", "VIN_5V_1", "", "R", 11.81, 66.93, 0, 180],
		[159, "PAD18_7", 49.21, -582.28, "T", "SMD", "VIN_5V_1", "", "R", 11.81, 66.93, 0, 180],
		[160, "PAD19_8", 68.9, -582.28, "T", "SMD", "G01-1", "", "R", 11.81, 66.93, 0, 180],
		[161, "PAD20_1", 57.48, -365.35, "B", "SMD", "GND", "GND", "R", 11.81, 66.93, 0, 0],
		[162, "PAD21_2", 37.8, -365.35, "B", "SMD", "GND", "GND", "R", 11.81, 66.93, 0, 0],
		[163, "PAD22_3", 18.11, -365.35, "B", "SMD", "GPIO19/USB_DP", "", "R", 11.81, 66.93, 0, 0],
		[164, "PAD23_4", -1.57, -365.35, "B", "SMD", "GPIO18/USB_DN", "", "R", 11.81, 66.93, 0, 0],
		[165, "PAD24_5", -21.26, -365.35, "B", "SMD", "G02", "", "R", 11.81, 66.93, 0, 0],
		[166, "PAD25_6", -40.94, -365.35, "B", "SMD", "VIN_5V", "", "R", 11.81, 66.93, 0, 0],
		[167, "PAD26_7", -60.63, -365.35, "B", "SMD", "VIN_5V", "", "R", 11.81, 66.93, 0, 0],
		[168, "PAD27_8", -80.32, -365.35, "B", "SMD", "G01", "", "R", 11.81, 66.93, 0, 0]
	]
}
}