{
"lengthUnit": "mil",
"components": {
	"fields": ["COMPONENT_NO", "COMPONENT_NAME", "LAYER", "X_COORDINATE", "Y_COORDINATE", "ANGLE"],
	"rows": [
		[1, "ANT2", "T", -238.19, 106.69, 180],
		[2, "C28", "T", 72.83, 11.02, 0],
		[3, "C57", "T", -278.35, -47.64, 0],
		[4, "C61", "T", -111.42, 93.7, 270],
		[5, "C62", "T", -42.13, 16.54, 0],
		[6, "C63", "T", 210.24, -305.51, 180],
		[7, "C64", "T", 204.72, -396.85, 180],
		[8, "C65", "T", 73.23, 47.24, 0],
		[9, "C66", "T", -278.35, -81.5, 0],
		[10, "C67", "T", -276.77, -245.28, 0],
		[11, "C68", "T", 73.23, -222.05, 90],
		[12, "D5", "T", 235.83, -92.91, 90],
		[13, "D6", "T", 181.5, -92.91, 90],
		[14, "L2", "T", -122.44, 23.23, 90],
		[15, "L6", "T", -184.25, 31.5, 90],
		[16, "L7", "T", -248.42, 20.87, 180],
		[17, "LED11", "T", 69.68, 119.29, 180],
		[18, "LED12", "T", 156.69, -222.05, 90],
		[19, "Q5", "T", 218.11, -242.13, 270],
		[20, "R56", "T", -277.56, -177.95, 0],
		[21, "R61", "T", 36.61, -223.23, 270],
		[22, "R62", "T", -277.56, -141.73, 180],
		[23, "R63", "T", -277.16, -214.57, 180],
		[24, "R66", "T", -11.42, -351.97, 270],
		[25, "R67", "T", 114.17, -224.8, 270],
		[26, "R68", "T", 71.65, 81.89, 180],
		[27, "RrA", "T", -109.05, -343.7, 180],
		[28, "RrB", "T", -242.91, -343.7, 180],
		[29, "U1", "T", -103.54, -130.71, 0],
		[30, "U5", "T", 209.04, -352.7, 0],
		[31, "U19", "T", 96.26, -120.87, 0],
		[32, "U20", "T", 96.46, -70.87, 180],
		[33, "U21", "T", 200.4, 109.84, 180],
		[34, "U22", "T", 200.39, 42.13, 180],
		[35, "U23", "T", 85.7, -336.07, 0],
		[36, "X1", "T", -36.22, 93.31, 0],
		[37, "PAD1", "B", 185.83, -383.46, 0],
		[38, "PAD2", "B", 87.99, -383.46, 0],
		[39, "PAD3", "B", -9.84, -383.46, 0],
		[40, "PAD4", "B", 207.09, -151.57, 0],
		[41, "PAD5", "B", 207.09, -29.53, 0],
		[42, "PAD6", "B", -119.6, -579.21, 0],
		[43, "PAD7", "B", 0.4, -579.21, 0],
		[44, "PAD8", "B", 120.4, -579.21, 0],
		[45, "PAD9", "B", 204.72, -579.13, 0],
		[46, "PAD10", "T", -159.84, -581.1, 0],
		[47, "PAD11", "T", -71.1, -581.1, 0],
		[48, "PAD12", "T", 69.21, -581.1, 0],
		[49, "PAD13", "T", 157.95, -581.02, 0],
		[50, "PAD14", "B", 158.27, -237.01, 0]
	]
},
"pins": {
	"fields": ["PIN_NO", "PIN_NAME", "PIN_X", "PIN_Y", "LAYER", "PIN_TYPE", "NET_NAME", "NET_TYPE", "PAD_SHAPE", "PAD_SIZEX", "PAD_SIZEY", "HOLE_SIZE", "PAD_ANGLE"],
	"rows": [
		[1, "ANT2_1", -185.04, 106.69, "T", "SMD", "$1N8200", "", "R", 66.93, 39.37, 0, 270],
		[2, "ANT2_2", -291.34, 106.69, "T", "SMD", "ANT2_2", "", "R", 66.93, 39.37, 0, 270],
		[3, "C28_1", 52.83, 11.02, "T", "SMD", "3V3", "", "R", 15, 21.26, 0, 0],
		[4, "C28_2", 92.83, 11.02, "T", "SMD", "GND", "GND", "R", 15, 21.26, 0, 0],
		[5, "C57_1", -298.35, -47.64, "T", "SMD", "GND", "GND", "R", 15, 21.26, 0, 0],
		[6, "C57_2", -258.35, -47.64, "T", "SMD", "3V3", "", "R", 15, 21.26, 0, 0],
		[7, "C61_1", -111.42, 113.7, "T", "SMD", "GND", "GND", "R", 15, 21.26, 0, 270],
		[8, "C61_2", -111.42, 73.7, "T", "SMD", "$1N7726", "", "R", 15, 21.26, 0, 270],
		[9, "C62_1", -62.13, 16.54, "T", "SMD", "$1N7730", "", "R", 15, 21.26, 0, 0],
		[10, "C62_2", -22.13, 16.54, "T", "SMD", "GND", "GND", "R", 15, 21.26, 0, 0],
		[11, "C63_1", 230.24, -305.51, "T", "SMD", "GND", "GND", "R", 15, 21.26, 0, 180],
		[12, "C63_2", 190.24, -305.51, "T", "SMD", "$2N4196", "", "R", 15, 21.26, 0, 180],
		[13, "C64_1", 224.72, -396.85, "T", "SMD", "GND", "GND", "R", 15, 21.26, 0, 180],
		[14, "C64_2", 184.72, -396.85, "T", "SMD", "3V3", "", "R", 15, 21.26, 0, 180],
		[15, "C65_1", 53.23, 47.24, "T", "SMD", "3V3", "", "R", 15, 21.26, 0, 0],
		[16, "C65_2", 93.23, 47.24, "T", "SMD", "GND", "GND", "R", 15, 21.26, 0, 0],
		[17, "C66_1", -298.35, -81.5, "T", "SMD", "GND", "GND", "R", 15, 21.26, 0, 0],
		[18, "C66_2", -258.35, -81.5, "T", "SMD", "3V3", "", "R", 15, 21.26, 0, 0],
		[19, "C67_1", -296.77, -245.28, "T", "SMD", "3V3", "", "R", 15, 21.26, 0, 0],
		[20, "C67_2", -256.77, -245.28, "T", "SMD", "GND", "GND", "R", 15, 21.26, 0, 0],
		[21, "C68_1", 73.23, -242.05, "T", "SMD", "GND", "GND", "R", 15, 21.26, 0, 90],
		[22, "C68_2", 73.23, -202.05, "T", "SMD", "3V3", "", "R", 15, 21.26, 0, 90],
		[23, "D5_1", 235.83, -139.08, "T", "SMD", "$2N4196", "", "R", 39.37, 29.53, 0, 90],
		[24, "D5_2", 235.83, -46.75, "T", "SMD", "VIN_5V", "", "R", 39.37, 29.53, 0, 90],
		[25, "D6_1", 181.5, -139.08, "T", "SMD", "G01", "", "R", 39.37, 29.53, 0, 90],
		[26, "D6_2", 181.5, -46.75, "T", "SMD", "GPIO10", "", "R", 39.37, 29.53, 0, 90],
		[27, "L2_1", -122.44, 3.23, "T", "SMD", "$1N7727", "", "R", 15, 21.26, 0, 90],
		[28, "L2_2", -122.44, 43.23, "T", "SMD", "$1N7726", "", "R", 15, 21.26, 0, 90],
		[29, "L6_1", -184.25, 13.78, "T", "SMD", "$1N7731", "", "R", 21.65, 15.75, 0, 180],
		[30, "L6_2", -184.25, 49.21, "T", "SMD", "$1N8200", "", "R", 21.65, 15.75, 0, 180],
		[31, "L7_1", -231.34, 20.87, "T", "SMD", "$1N7731", "", "R", 19.68, 25.51, 0, 180],
		[32, "L7_2", -265.5, 20.87, "T", "SMD", "GND", "GND", "R", 19.68, 25.51, 0, 180],
		[33, "LED11_1", 91.68, 119.29, "T", "SMD", "$3N7952", "", "R", 25, 21.26, 0, 180],
		[34, "LED11_2", 47.68, 119.29, "T", "SMD", "3V3", "", "R", 25, 21.26, 0, 180],
		[35, "LED12_1", 156.69, -244.05, "T", "SMD", "$2N3051", "", "R", 25, 21.26, 0, 90],
		[36, "LED12_2", 156.69, -200.05, "T", "SMD", "$2N3155", "", "R", 25, 21.26, 0, 90],
		[37, "Q5_1", 198.42, -267.43, "T", "SMD", "VIN_5V", "", "R", 23.03, 11.85, 0, 270],
		[38, "Q5_2", 237.79, -267.43, "T", "SMD", "$2N4196", "", "R", 23.03, 11.85, 0, 270],
		[39, "Q5_3", 218.11, -216.83, "T", "SMD", "BAT", "", "R", 23.03, 11.85, 0, 270],
		[40, "R56_1", -297.56, -177.95, "T", "SMD", "3V3", "", "R", 15, 21.26, 0, 0],
		[41, "R56_2", -257.56, -177.95, "T", "SMD", "CHIP_EN", "", "R", 15, 21.26, 0, 0],
		[42, "R61_1", 36.61, -203.23, "T", "SMD", "3V3", "", "R", 15, 21.26, 0, 270],
		[43, "R61_2", 36.61, -243.23, "T", "SMD", "GPIO9/BOOT", "", "R", 15, 21.26, 0, 270],
		[44, "R62_1", -257.56, -141.73, "T", "SMD", "GPIO2", "", "R", 15, 21.26, 0, 180],
		[45, "R62_2", -297.56, -141.73, "T", "SMD", "3V3", "", "R", 15, 21.26, 0, 180],
		[46, "R63_1", -257.16, -214.57, "T", "SMD", "GPIO3", "", "R", 15, 21.26, 0, 180],
		[47, "R63_2", -297.16, -214.57, "T", "SMD", "3V3", "", "R", 15, 21.26, 0, 180],
		[48, "R66_1", -11.42, -331.97, "T", "SMD", "GND", "GND", "R", 22, 15, 0, 0],
		[49, "R66_2", -11.42, -371.97, "T", "SMD", "$2N2933", "", "R", 22, 15, 0, 0],
		[50, "R67_1", 114.17, -204.8, "T", "SMD", "$2N3155", "", "R", 22, 15, 0, 0],
		[51, "R67_2", 114.17, -244.8, "T", "SMD", "VIN_5V", "", "R", 22, 15, 0, 0],
		[52, "R68_1", 91.65, 81.89, "T", "SMD", "$3N7952", "", "R", 15, 21.26, 0, 180],
		[53, "R68_2", 51.65, 81.89, "T", "SMD", "GPIO1", "", "R", 15, 21.26, 0, 180],
		[54, "RrA_1", -70.66, -292.02, "T", "SMD", "G01", "", "O", 14.33, 39.37, 0, 180],
		[55, "RrA_2", -96.26, -292.02, "T", "SMD", "3V3", "", "O", 14.33, 39.37, 0, 180],
		[56, "RrA_3", -121.85, -292.02, "T", "SMD", "GND", "GND", "O", 14.33, 39.37, 0, 180],
		[57, "RrA_4", -147.44, -292.02, "T", "SMD", "GPIO6", "", "O", 14.33, 39.37, 0, 180],
		[58, "RrA_5", -147.44, -395.38, "T", "SMD", "GPIO7", "", "O", 14.33, 39.37, 0, 180],
		[59, "RrA_6", -121.85, -395.38, "T", "SMD", "GPIO2", "", "O", 14.33, 39.37, 0, 180],
		[60, "RrA_7", -96.26, -395.38, "T", "SMD", "RrA_7", "", "O", 14.33, 39.37, 0, 180],
		[61, "RrA_8", -70.66, -395.38, "T", "SMD", "GND", "GND", "O", 14.33, 39.37, 0, 180],
		[62, "RrB_1", -204.52, -292.02, "T", "SMD", "G02", "", "O", 14.33, 39.37, 0, 180],
		[63, "RrB_2", -230.12, -292.02, "T", "SMD", "3V3", "", "O", 14.33, 39.37, 0, 180],
		[64, "RrB_3", -255.71, -292.02, "T", "SMD", "GND", "GND", "O", 14.33, 39.37, 0, 180],
		[65, "RrB_4", -281.3, -292.02, "T", "SMD", "GPIO6", "", "O", 14.33, 39.37, 0, 180],
		[66, "RrB_5", -281.3, -395.38, "T", "SMD", "GPIO7", "", "O", 14.33, 39.37, 0, 180],
		[67, "RrB_6", -255.71, -395.38, "T", "SMD", "GPIO3", "", "O", 14.33, 39.37, 0, 180],
		[68, "RrB_7", -230.12, -395.38, "T", "SMD", "RrB_7", "", "O", 14.33, 39.37, 0, 180],
		[69, "RrB_8", -204.52, -395.38, "T", "SMD", "GND", "GND", "O", 14.33, 39.37, 0, 180],
		[70, "U1_1", -201.08, -61.81, "T", "SMD", "$1N7731", "", "R", 25.59, 11.02, 0, 0],
		[71, "U1_2", -201.08, -81.5, "T", "SMD", "3V3", "", "R", 25.59, 11.02, 0, 0],
		[72, "U1_3", -201.08, -101.18, "T", "SMD", "3V3", "", "R", 25.59, 11.02, 0, 0],
		[73, "U1_4", -201.08, -120.87, "T", "SMD", "GPIO0", "", "R", 25.59, 11.02, 0, 0],
		[74, "U1_5", -201.08, -140.55, "T", "SMD", "GPIO1", "", "R", 25.59, 11.02, 0, 0],
		[75, "U1_6", -201.08, -160.24, "T", "SMD", "GPIO2", "", "R", 25.59, 11.02, 0, 0],
		[76, "U1_7", -201.08, -179.92, "T", "SMD", "CHIP_EN", "", "R", 25.59, 11.02, 0, 0],
		[77, "U1_8", -201.08, -199.61, "T", "SMD", "GPIO3", "", "R", 25.59, 11.02, 0, 0],
		[78, "U1_9", -172.44, -228.25, "T", "SMD", "G02", "", "R", 11.02, 25.59, 0, 0],
		[79, "U1_10", -152.75, -228.25, "T", "SMD", "GPIO5", "", "R", 11.02, 25.59, 0, 0],
		[80, "U1_11", -133.07, -228.25, "T", "SMD", "3V3", "", "R", 11.02, 25.59, 0, 0],
		[81, "U1_12", -113.38, -228.25, "T", "SMD", "GPIO6", "", "R", 11.02, 25.59, 0, 0],
		[82, "U1_13", -93.7, -228.25, "T", "SMD", "GPIO7", "", "R", 11.02, 25.59, 0, 0],
		[83, "U1_14", -74.01, -228.25, "T", "SMD", "GPIO8", "", "R", 11.02, 25.59, 0, 0],
		[84, "U1_15", -54.33, -228.25, "T", "SMD", "GPIO9/BOOT", "", "R", 11.02, 25.59, 0, 0],
		[85, "U1_16", -34.64, -228.25, "T", "SMD", "GPIO10", "", "R", 11.02, 25.59, 0, 0],
		[86, "U1_17", -6, -199.61, "T", "SMD", "3V3", "", "R", 25.59, 11.02, 0, 0],
		[87, "U1_18", -6, -179.92, "T", "SMD", "VDD_SPI", "", "R", 25.59, 11.02, 0, 0],
		[88, "U1_19", -6, -160.24, "T", "SMD", "U1_19", "", "R", 25.59, 11.02, 0, 0],
		[89, "U1_20", -6, -140.55, "T", "SMD", "U1_20", "", "R", 25.59, 11.02, 0, 0],
		[90, "U1_21", -6, -120.87, "T", "SMD", "U1_21", "", "R", 25.59, 11.02, 0, 0],
		[91, "U1_22", -6, -101.18, "T", "SMD", "U1_22", "", "R", 25.59, 11.02, 0, 0],
		[92, "U1_23", -6, -81.5, "T", "SMD", "U1_23", "", "R", 25.59, 11.02, 0, 0],
		[93, "U1_24", -6, -61.81, "T", "SMD", "U1_24", "", "R", 25.59, 11.02, 0, 0],
		[94, "U1_25", -34.64, -33.17, "T", "SMD", "GPIO18/USB_DN", "", "R", 11.02, 25.59, 0, 0],
		[95, "U1_26", -54.33, -33.17, "T", "SMD", "GPIO19/USB_DP", "", "R", 11.02, 25.59, 0, 0],
		[96, "U1_27", -74.01, -33.17, "T", "SMD", "U0RXD", "", "R", 11.02, 25.59, 0, 0],
		[97, "U1_28", -93.7, -33.17, "T", "SMD", "U0TXD", "", "R", 11.02, 25.59, 0, 0],
		[98, "U1_29", -113.38, -33.17, "T", "SMD", "$1N7730", "", "R", 11.02, 25.59, 0, 0],
		[99, "U1_30", -133.07, -33.17, "T", "SMD", "$1N7727", "", "R", 11.02, 25.59, 0, 0],
		[100, "U1_31", -152.75, -33.17, "T", "SMD", "3V3", "", "R", 11.02, 25.59, 0, 0],
		[101, "U1_32", -172.44, -33.17, "T", "SMD", "3V3", "", "R", 11.02, 25.59, 0, 0],
		[102, "U1_33", -103.54, -130.71, "T", "SMD", "GND", "GND", "R", 149.61, 149.61, 0, 0],
		[103, "U5_1", 196.24, -371.4, "T", "SMD", "3V3", "", "P", 7.88, 15.75, 0, 180],
		[104, "U5_2", 221.84, -371.41, "T", "SMD", "GND", "GND", "P", 7.87, 15.75, 0, 0],
		[105, "U5_3", 221.84, -334, "T", "SMD", "$2N4196", "", "P", 7.88, 15.75, 0, 0],
		[106, "U5_4", 196.24, -333.99, "T", "SMD", "$2N4196", "", "P", 7.88, 15.75, 0, 0],
		[107, "U5_5", 209.04, -352.7, "T", "SMD", "GND", "GND", "R", 17.72, 17.72, 0, 45],
		[108, "U19_1", 71.26, -120.87, "T", "DIP", "GND", "GND", "R", 39.37, 39.37, 29.53, 0],
		[109, "U19_1", 71.26, -120.87, "B", "DIP", "GND", "GND", "R", 39.37, 39.37, 29.53, 0],
		[110, "U19_2", 121.26, -120.87, "T", "DIP", "VIN_5V", "", "C", 39.37, 39.37, 29.53, 0],
		[111, "U19_2", 121.26, -120.87, "B", "DIP", "VIN_5V", "", "C", 39.37, 39.37, 29.53, 0],
		[112, "U20_1", 121.46, -70.87, "T", "DIP", "GPIO19/USB_DP", "", "C", 39.37, 39.37, 29.53, 180],
		[113, "U20_1", 121.46, -70.87, "B", "DIP", "GPIO19/USB_DP", "", "C", 39.37, 39.37, 29.53, 180],
		[114, "U20_2", 71.46, -70.87, "T", "DIP", "GPIO18/USB_DN", "", "C", 39.37, 39.37, 29.53, 180],
		[115, "U20_2", 71.46, -70.87, "B", "DIP", "GPIO18/USB_DN", "", "C", 39.37, 39.37, 29.53, 180],
		[116, "U21_1", 220.08, 109.84, "T", "DIP", "GND", "GND", "R", 31.5, 31.5, 19.69, 90],
		[117, "U21_1", 220.08, 109.84, "B", "DIP", "GND", "GND", "R", 31.5, 31.5, 19.69, 90],
		[118, "U21_2", 180.72, 109.84, "T", "DIP", "CHIP_EN", "", "C", 31.5, 31.5, 19.69, 90],
		[119, "U21_2", 180.72, 109.84, "B", "DIP", "CHIP_EN", "", "C", 31.5, 31.5, 19.69, 90],
		[120, "U22_1", 220.08, 42.13, "T", "DIP", "GND", "GND", "R", 31.5, 31.5, 19.69, 90],
		[121, "U22_1", 220.08, 42.13, "B", "DIP", "GND", "GND", "R", 31.5, 31.5, 19.69, 90],
		[122, "U22_2", 180.71, 42.13, "T", "DIP", "GPIO9/BOOT", "", "C", 31.5, 31.5, 19.69, 90],
		[123, "U22_2", 180.71, 42.13, "B", "DIP", "GPIO9/BOOT", "", "C", 31.5, 31.5, 19.69, 90],
		[124, "U23_1", 129.01, -373.46, "T", "SMD", "$2N3051", "", "R", 23.62, 39.37, 0, 90],
		[125, "U23_2", 129.01, -336.07, "T", "SMD", "GND", "GND", "R", 23.62, 39.37, 0, 90],
		[126, "U23_3", 129.01, -298.67, "T", "SMD", "BAT", "", "R", 23.62, 39.37, 0, 90],
		[127, "U23_4", 42.39, -298.66, "T", "SMD", "VIN_5V", "", "R", 23.62, 39.37, 0, 90],
		[128, "U23_5", 42.39, -373.47, "T", "SMD", "$2N2933", "", "R", 23.62, 39.37, 0, 90],
		[129, "X1_1", -62.8, 72.64, "T", "SMD", "$1N7726", "", "R", 33.47, 29.53, 0, 0],
		[130, "X1_2", -9.65, 72.64, "T", "SMD", "GND", "GND", "R", 33.47, 29.53, 0, 0],
		[131, "X1_3", -9.65, 113.98, "T", "SMD", "$1N7730", "", "R", 33.47, 29.53, 0, 0],
		[132, "X1_4", -62.8, 113.98, "T", "SMD", "GND", "GND", "R", 33.47, 29.53, 0, 0],
		[133, "PAD1_1", 185.83, -383.46, "B", "SMD", "G01", "", "C", 55.12, 55.12, 0, 180],
		[134, "PAD2_1", 87.99, -383.46, "B", "SMD", "G02", "", "C", 55.12, 55.12, 0, 180],
		[135, "PAD3_1", -9.84, -383.46, "B", "SMD", "GND", "GND", "C", 55.12, 55.12, 0, 180],
		[136, "PAD4_1", 207.09, -151.57, "B", "SMD", "BAT", "", "C", 55.12, 55.12, 0, 270],
		[137, "PAD5_1", 207.09, -29.53, "B", "SMD", "GND", "GND", "C", 55.12, 55.12, 0, 270],
		[138, "PAD6_1", -119.6, -579.21, "B", "SMD", "GND", "GND", "O", 60, 94.49, 0, 180],
		[139, "PAD7_1", 0.4, -579.21, "B", "SMD", "G02-1", "", "O", 60, 94.49, 0, 180],
		[140, "PAD8_1", 120.4, -579.21, "B", "SMD", "G01-1", "", "O", 60, 94.49, 0, 180],
		[141, "PAD9_1", 204.72, -579.13, "B", "SMD", "5V_1", "", "O", 60, 94.49, 0, 180],
		[142, "PAD10_1", -159.84, -581.1, "T", "SMD", "GND", "GND", "C", 60, 60, 0, 180],
		[143, "PAD11_1", -71.1, -581.1, "T", "SMD", "G02-1", "", "C", 60, 60, 0, 180],
		[144, "PAD12_1", 69.21, -581.1, "T", "SMD", "G01-1", "", "C", 60, 60, 0, 180],
		[145, "PAD13_1", 157.95, -581.02, "T", "SMD", "5V_1", "", "C", 60, 60, 0, 180],
		[146, "PAD14_1", 158.27, -237.01, "B", "SMD", "VIN_5V", "", "C", 55.12, 55.12, 0, 180]
	]
}
}